Scenario,Convergency,AIC,Total_like,Survey_like,Age_like,RMSE_index,RMSE_age,Rho_ssb,Rho_f
S1.0_4FLEETS_SelECO_RecIndex_Mnewfix,0.0000153553,254.24,108.12,-9.942,129.121,42.6,27.4,-0.0708368863815036,0.12758458647391
S1.0_InitCond,0.0000415137,266.308,110.154,-9.12696,130.471,43,27.5,0.0012018475983123,0.00395338350102378
S1.0_InitCond_sigmaR,0.0000257715,252.73,103.365,-9.03499,130.736,43,27.8,-0.106914027656315,0.260066544927509
S1.0_InitCond_sigmaR_SelP,0.0000308881,234.9126,96.4563,-12.3512,127.349,41.6,27.8,-0.0766824219427698,0.238591596585641
S1.0_InitCond_sigmaR_SelP_qpriorP,0.0000986063,250.146,104.073,-10.5801,131.278,42.4,28.7,0.0523518595805306,-0.0755891261254543
S1.0_InitCond_sigmaR_qpriorP,0.0000820368,254.362,104.181,-10.556,131.339,42.4,28.7,0.0425351796254708,-0.0479600017667112
